{
    "faces": [42,3,8,9,0,0,1,2,0,1,2,42,0,1,3,0,4,5,0,3,4,0,42,3,9,2,0,0,2,3,0,2,5,42,3,2,0,0,0,3,4,0,5,3,43,4,5,7,6,0,6,7,8,9,6,7,8,9,43,1,0,10,11,0,12,13,10,11,4,3,10,11,43,1,11,8,3,0,14,15,16,17,4,11,1,0,43,10,0,2,9,0,18,19,20,21,10,3,5,2,43,9,8,5,4,0,2,1,7,6,2,1,7,6,43,6,10,9,4,0,22,18,21,23,9,10,2,6,43,6,7,11,10,0,24,25,11,10,9,8,11,10,43,8,11,7,5,0,16,15,26,27,1,11,8,7],
    "uvs": [[0.388886,0.542057,0.390451,0.224364,0.606062,0.224364,0.607627,0.542057,0.615309,1,0.381205,1,0.606062,0.07621,0.390451,0.07621,0.330228,0,0.666285,0,0.340149,0.740208,0,0.740208,0.053022,0,0.287127,0,0.81619,0.95622,0.673864,0.270037,0.823549,0.23618,0.823549,0.530858,0.831575,0.723661,0.973901,0.037477,0.98126,0.462839,0.98126,0.757518,0.877767,0.95622,0.963803,0.892665,0.338103,0.992158,0.002046,0.992158,0.720056,0.037477,0.806091,0.101033]],
    "materials": [{
        "DbgIndex": 0,
        "DbgColor": 15658734,
        "colorDiffuse": [0.8,0.8,0.8],
        "visible": true,
        "depthWrite": true,
        "colorEmissive": [0,0,0],
        "mapDiffuse": "CockpitFINAL.png",
        "mapDiffuseAnisotropy": 1,
        "specularCoef": 50,
        "mapDiffuseWrap": ["RepeatWrapping","RepeatWrapping"],
        "depthTest": true,
        "blending": "NormalBlending",
        "transparent": false,
        "DbgName": "Material",
        "opacity": 0.45,
        "wireframe": false,
        "colorSpecular": [1,1,1],
        "shading": "phong",
        "colorAmbient": [0.8,0.8,0.8],
        "mapDiffuseRepeat": [1,1]
    }],
    "normals": [-0.553026,0.822138,-0.134953,-0.517563,0.849788,-0.099796,0.517563,0.849788,-0.099796,0.530961,-0.039552,-0.846461,-0.530961,-0.039552,-0.846461,0.553026,0.822138,-0.134953,0.411634,0.87112,0.267708,-0.411634,0.87112,0.267708,-0.680502,-0.08414,0.727866,0.680502,-0.08414,0.727866,0.79339,-0.599139,0.107364,-0.79339,-0.599139,0.107364],
    "vertices": [0.284417,0.524491,-3.38847,-0.270713,0.524491,-3.38847,0.266202,0.677411,-2.54675,-0.252498,0.677411,-2.54675,0.262489,0.769083,-1.68545,-0.248786,0.769083,-1.68545,0.405297,0.616163,-1.53127,-0.391594,0.616163,-1.53127,-0.248786,0.77325,-1.962,0.262489,0.77325,-1.962,0.410148,0.411984,-1.97034,-0.396444,0.411984,-1.97034],
    "metadata": {
        "version": 3,
        "uvs": 1,
        "materials": 1,
        "type": "Geometry",
        "faces": 12,
        "generator": "io_three",
        "normals": 12,
        "vertices": 12
    },
    "name": "Untitled.001Geometry.2"
}